{
	"schemaVersion": 1,
	"id": "ultimate-client",
	"version": "${version}",
	"name": "Ultimate Client",
	"description": "This is an example description! Tell everyone what your mod is about!",
	"authors": [
		"Me!"
	],
	"contact": {
		"homepage": "https://fabricmc.net/",
		"sources": "https://github.com/FabricMC/fabric-example-mod"
	},
	"license": "CC0-1.0",
	"icon": "assets/ultimate-client/icon.png",
	"environment": "*",
	"entrypoints": {
		"main": [
			{
				"value": "org.infinite.UltimateClient",
				"adapter": "kotlin"
			}
		],
		"client": [
			{
				"value": "org.infinite.UltimateClientClient",
				"adapter": "kotlin"
			}
		],
		"fabric-datagen": [
			{
				"value": "org.infinite.UltimateClientDataGenerator",
				"adapter": "kotlin"
			}
		]
	},
	"mixins": [
		"ultimate-client.mixins.json",
		{
			"config": "ultimate-client.client.mixins.json",
			"environment": "client"
		}
	],
	"depends": {
		"fabricloader": ">=0.18.2",
		"minecraft": "~1.21.11",
		"java": ">=21",
		"fabric-api": "*",
		"fabric-language-kotlin": "*"
	},
	"suggests": {
		"another-mod": "*"
	}
}